Countries,Yield,Predictions_0 days before harvest,Predictions_16 days before harvest,Predictions_32 days before harvest,Predictions_48 days before harvest,Predictions_64 days before harvest,Predictions_80 days before harvest,Predictions_96 days before harvest,Predictions_112 days before harvest,Predictions_128 days before harvest,Error_0 days before harvest (%),Error_16 days before harvest (%),Error_32 days before harvest (%),Error_48 days before harvest (%),Error_64 days before harvest (%),Error_80 days before harvest (%),Error_96 days before harvest (%),Error_112 days before harvest (%),Error_128 days before harvest (%)
Afghanistan,4441.7,3840.9172,3852.35334,3907.29253,3672.2065,3631.51619,3633.14522,3620.88488,3827.43352,3706.92372,-13.52596528,-13.26849314,-12.03159759,-17.32430151,-18.24039917,-18.20372335,-18.47975145,-13.82953554,-16.54268141
Algeria,1791,3970.46544,3869.12535,3381.35429,3530.7534,4122.81533,4196.80054,4450.82136,5019.6381,4384.41769,121.6898626,116.0315662,88.79700112,97.13865997,130.1962775,134.3272217,148.5104054,180.270134,144.8027744
Angola,1237.5,2347.8514,2675.73714,2706.36537,2679.00129,2561.17715,2547.52067,2517.29501,2526.82201,2548.86019,89.72536566,116.221183,118.6961915,116.4849527,106.9638101,105.8602562,103.4177786,104.1876372,105.9685002
Argentina,6599.6,5376.58481,5777.88165,5756.19863,5766.82281,5735.53088,5790.35087,5797.57466,5773.94483,5688.66171,-18.53165631,-12.45103264,-12.77958316,-12.61860098,-13.09274986,-12.26209361,-12.15263561,-12.51068504,-13.80293184
Australia,10030.8,9556.1761,9426.16632,9432.15071,9342.43098,9210.79957,9187.22356,9184.62437,9147.46369,9195.90186,-4.73166547,-6.027771265,-5.968111118,-6.862553535,-8.174825836,-8.409862025,-8.435774116,-8.806239881,-8.323345496
Azerbaijan,3131.4,3428.12859,3413.29876,3441.71648,3454.13172,3344.12742,3385.66012,3415.58315,3233.90738,3024.25779,9.47590822,9.002323561,9.909832024,10.30630772,6.793364629,8.119694705,9.075274638,3.273531967,-3.421543399
Bangladesh,4808.8,4324.51846,4325.0333,4352.85663,4323.01728,4296.74925,4276.34762,4240.58385,4225.54236,,-10.07073573,-10.06002953,-9.481437573,-10.10195309,-10.64820225,-11.07245841,-11.81617347,-12.1289644,
Belize,4525.2,4141.42977,4066.20344,4125.81027,4119.9313,4130.34941,4117.53172,4085.17005,4171.98016,,-8.480735216,-10.14312207,-8.825902281,-8.955818527,-8.725594228,-9.008845576,-9.723988995,-7.805618315,
Benin,3935.3,2939.32111,2982.26704,3037.98642,3051.73244,3037.79627,2898.95373,3035.5213,2975.36902,3466.35247,-25.30884278,-24.21754275,-22.80165629,-22.45235586,-22.8064882,-26.33461922,-22.86429751,-24.3928285,-11.91643661
Bhutan,4264.4,3681.52734,3619.82052,3545.725,3545.62853,3633.62063,3619.80243,3718.60411,3587.77603,,-13.66833927,-15.1153616,-16.85289841,-16.85516063,-14.7917496,-15.11578581,-12.79889058,-15.86680354,
Bolivia (Plurinational State of),2761.4,2621.0707,2554.24413,2556.82183,2589.93558,2601.11737,2579.05731,2576.16259,2603.6016,2578.43569,-5.081817194,-7.501842182,-7.408494604,-6.209329326,-5.804397407,-6.603269718,-6.708097704,-5.714434707,-6.625780763
Brazil,6610.8,4696.1467,4787.33431,4783.32633,4760.43476,4737.65838,4717.2283,4704.32823,4797.90761,4825.18537,-28.96250529,-27.583132,-27.64375976,-27.99003509,-28.33456798,-28.64360894,-28.83874524,-27.4231922,-27.01056801
Bulgaria,5328.7,4901.81586,4865.18957,4992.73864,4984.33517,4941.31181,4769.76404,4781.45357,4802.50678,,-8.011037214,-8.698377278,-6.304752754,-6.46245482,-7.26984424,-10.48916171,-10.26979244,-9.874701522,
Burkina Faso,2237.7,2161.84264,2182.9782,2167.10561,2151.68887,2154.51458,2151.69039,2158.38588,2152.09886,2145.62466,-3.389970059,-2.445448452,-3.154774545,-3.843729276,-3.717451848,-3.843661349,-3.544448317,-3.825407338,-4.114731197
Burundi,2633.5,3693.15305,3735.65075,3722.85228,3739.0268,3736.91954,3749.4511,2921.53061,3015.22032,3026.9945,40.23744257,41.85117714,41.36519005,41.97937346,41.89935599,42.3752079,10.93717904,14.49479096,14.94188343
Cambodia,3345.4,2738.42074,2705.36773,2715.3439,2718.9823,2711.80922,2703.53707,2731.69686,2780.23512,2867.62943,-18.14369761,-19.13171131,-18.83350571,-18.72474741,-18.93916363,-19.18643301,-18.34468644,-16.89379088,-14.28141837
Cameroon,2131.2,1822.09075,1939.68897,1621.63569,1668.98283,1711.3164,1737.64713,1834.90417,1810.03857,1637.73994,-14.50400009,-8.986065597,-23.90973677,-21.68811796,-19.7017455,-18.46625704,-13.9027698,-15.06951154,-23.15409441
Central African Republic,900,1491.79502,1494.37448,1504.82715,1511.55237,1502.18102,1495.07414,1553.28381,1554.275,,65.75500222,66.04160889,67.20301667,67.95026333,66.90900222,66.11934889,72.58709,72.69722222,
Chad,1469.8,1415.24056,1409.22783,1428.48558,1377.4771,1376.85037,1373.99271,1361.50903,1372.73006,,-3.712031569,-4.121116478,-2.810887196,-6.28132399,-6.323964485,-6.518389577,-7.367735066,-6.604295823,
Chile,6429.4,5928.41694,5898.43334,5802.73666,5820.08533,5805.99802,5775.05074,5774.19949,5798.35968,5783.47065,-7.792065512,-8.25841696,-9.746840141,-9.477006719,-9.696114412,-10.17745451,-10.19069447,-9.814917722,-10.04649501
China,7040.2,6740.93619,6641.59188,6619.30862,6566.95974,6546.03492,6470.00623,6625.38977,6480.08091,6755.34136,-4.250785631,-5.66188631,-5.978400898,-6.721971819,-7.019190932,-8.099113235,-5.89202338,-7.956011051,-4.046172552
Colombia,4631.9,4325.55926,4350.90271,4373.55578,4337.73577,4291.22624,4312.96222,4301.46907,4094.82603,4311.7379,-6.613716617,-6.06656642,-5.577499946,-6.35083292,-7.35494635,-6.885679311,-7.133809668,-11.59511151,-6.91211166
Congo,586.4,969.16602,859.98993,847.65249,846.98535,852.58288,848.0515,803.03681,817.065,821.11063,65.2738779,46.65585437,44.55192531,44.43815655,45.39271487,44.6199693,36.94352149,39.33577763,40.02568724
Costa Rica,3670.1,3751.68967,3758.04211,3839.09311,3806.94153,3863.22583,3818.48942,3807.56995,3834.00854,3664.48031,2.223091196,2.396177488,4.604591428,3.728550448,5.262140814,4.043198278,3.745673142,4.466051061,-0.153120896
Cote d'Ivoire,2802.3,2249.11624,2157.29418,2419.0446,2458.00603,2504.9358,2516.04666,2473.92731,2443.18329,2222.74312,-19.74034757,-23.01701531,-13.67645862,-12.28612104,-10.61143347,-10.21494273,-11.7179706,-12.81507012,-20.68147165
Cuba,3573.9,3626.83343,3671.68156,3507.93224,3501.66948,3508.31233,3515.98689,3550.21813,3577.91919,3538.59357,1.481111111,2.735990375,-1.845819973,-2.021055989,-1.835184812,-1.620445732,-0.662633817,0.112459498,-0.987896416
Democratic People's Republic of Korea,4493,4626.31172,4740.24643,4806.53518,4737.27525,4718.61608,4855.84696,4909.41217,4705.25957,4538.86839,2.967098153,5.502925217,6.978303583,5.436796127,5.021501892,8.075828177,9.268020699,4.724228133,1.0208856
Democratic Republic of the Congo,1118.4,828.40324,828.09811,843.66783,854.7245,853.87807,847.12348,858.18139,862.38739,,-25.92961016,-25.95689288,-24.56475054,-23.57613555,-23.65181778,-24.25576896,-23.2670431,-22.89097014,
Dominican Republic,5654,5076.51834,5065.747,5024.62233,5023.51884,5012.31902,5038.78531,5251.98023,5201.47108,5360.27914,-10.21368341,-10.40419172,-11.13154705,-11.15106403,-11.34915069,-10.88105218,-7.110360276,-8.003695083,-5.194921472
Ecuador,3427.3,3721.76919,3733.14328,3747.3735,3745.17463,3748.87359,3764.52126,3762.68433,3736.33096,3777.47363,8.59187086,8.92373822,9.338940274,9.274782774,9.38270913,9.839268812,9.785671812,9.01674671,10.21718641
Egypt,9620.3,9221.28962,9228.5134,9252.52799,9243.66575,9252.24626,9220.26295,9328.69362,9328.95662,9375.51364,-4.147587705,-4.072498779,-3.82287465,-3.914994855,-3.825803145,-4.158259618,-3.031156825,-3.028423022,-2.544477407
El Salvador,7326.3,5898.89108,5978.81004,6526.6458,6516.1372,6528.12141,6588.25869,6791.10712,6853.42084,6788.03305,-19.4833534,-18.39250317,-10.91484378,-11.05828044,-10.89470251,-10.07386143,-7.305090974,-6.454542675,-7.347050353
Eswatini,3233.3,3045.36456,3053.39357,3066.95472,3094.34428,3102.36668,3098.09254,3082.29828,3092.36684,3091.89257,-5.812496211,-5.564173754,-5.14475242,-4.297643893,-4.049525871,-4.181717131,-4.670204435,-4.358802462,-4.373470757
Ethiopia,3031.9,2668.02241,2621.61365,2606.23047,2621.83735,2633.63133,2640.79204,2620.8531,2633.17879,2226.1973,-12.00163561,-13.53231802,-14.03969557,-13.52493981,-13.13594347,-12.8997645,-13.55740295,-13.15086942,-26.5741845
Fiji,3772.5,2660.37343,2762.47826,2753.32096,2751.63842,2723.21003,2717.93728,2786.36521,2869.41297,2907.6118,-29.47982956,-26.77327343,-27.01601166,-27.0606118,-27.81418078,-27.95394884,-26.14008721,-23.93868867,-22.92612856
France,5269.6,5241.18943,5265.67201,5234.42419,5142.10335,5054.48729,4981.15456,4852.68257,4817.47498,5034.49058,-0.539140922,-0.074540572,-0.667523341,-2.419474913,-4.082144945,-5.473763474,-7.911747191,-8.579873615,-4.46161796
Gabon,2808.9,2842.30549,2887.76356,2875.67141,2855.13607,2878.15156,2887.74755,2822.7216,2867.70606,3029.93425,1.189273025,2.807631457,2.377137314,1.646056107,2.465433444,2.807061483,0.492064509,2.093561893,7.869067963
Gambia,660.3,1160.67749,1168.07348,1155.86741,1172.6174,1177.97544,1188.21937,1188.35934,1138.15824,,75.78032561,76.90042102,75.05185673,77.58858095,78.40003635,79.95144177,79.97263971,72.36986824,
Ghana,3343.6,2879.02826,2919.27838,2995.60209,2972.02674,3005.14964,2817.98983,2664.12437,2626.87009,,-13.89435758,-12.69056167,-10.40788103,-11.11296985,-10.12233401,-15.71988785,-20.32167813,-21.43587481,
Greece,7963.7,7609.64297,7562.26804,7513.60158,7387.92321,7316.20375,7210.4988,6946.12516,6839.8578,,-4.445886083,-5.040772003,-5.651875636,-7.230016073,-8.130595703,-9.457930359,-12.77766415,-14.11206098,
Guatemala,2617.8,2994.39947,3021.84038,3053.1939,2966.47985,3002.01901,2902.625,2876.04798,3009.42144,,14.38610551,15.43434869,16.63205363,13.3195756,14.67717205,10.88031935,9.865076782,14.95994499,
Guinea,1470,1421.80331,1414.33951,1436.84848,1454.1491,1476.45715,1464.00278,1426.8036,1436.26534,,-3.278686395,-3.786427891,-2.255205442,-1.078292517,0.439261905,-0.40797415,-2.938530612,-2.29487483,
Guinea-Bissau,1663,1719.84731,1807.86372,1967.48597,1999.43772,2055.16365,2072.97496,2008.39869,,,3.41835899,8.710987372,18.30943897,20.2307709,23.58169874,24.65273361,20.76961455,,
Guyana,5701.3,4777.82464,4645.8561,4684.92489,4722.8775,4671.48554,4700.73429,4810.58996,4797.50439,4867.18385,-16.19762791,-18.51233754,-17.82707646,-17.16139302,-18.06280076,-17.5497818,-15.62292881,-15.85244786,-14.63027994
Haiti,2676,2056.98669,1971.84403,2411.17962,2460.28608,2474.34245,2474.58692,,,,-23.132037,-26.31375075,-9.896127803,-8.061058296,-7.535782885,-7.526647235,,,
Honduras,3256.5,4753.38274,4777.90068,4709.70009,4751.33649,4768.26326,4747.55149,4669.66596,,,45.96599846,46.71889083,44.62459972,45.9031626,46.42294672,45.78693352,43.39523906,,
Hungary,3926.4,4068.13309,3966.70144,3953.07695,4012.7715,4102.22906,4002.39145,3948.89865,3991.25291,,3.609746587,1.026422168,0.679425173,2.199763142,4.478123981,1.935397565,0.573009627,1.651714293,
India,4074.8,3633.56944,3629.09031,3632.77195,3663.00545,3660.962,3628.45851,3629.7559,3649.70471,,-10.82827525,-10.93819795,-10.84784652,-10.10588372,-10.1560322,-10.953703,-10.92186365,-10.43229827,
Indonesia,5127.9,4796.03475,4834.22673,4823.90585,4811.83379,4780.77748,4804.03157,4822.28645,4818.78737,4804.55495,-6.471757445,-5.72696952,-5.928238655,-6.163657833,-6.769291913,-6.315810176,-5.959818834,-6.028054954,-6.305603658
Iran (Islamic Republic of),3681.8,4770.73133,4865.5495,4886.49386,4985.94436,4638.2278,4648.88969,4652.94873,4631.22484,4833.63657,29.57605872,32.15137976,32.72024173,35.42137976,25.97717964,26.26676327,26.37700934,25.78697485,31.28460454
Iraq,4568.8,3773.71624,3938.12348,3861.24845,3829.41551,3872.46837,3706.52517,3598.68213,3416.87896,3867.80794,-17.40246367,-13.80398617,-15.48659495,-16.18334114,-15.24101799,-18.87311395,-21.23353769,-25.21277009,-15.34302355
Italy,6631.6,6507.20971,6512.08025,6430.81792,6377.3834,6369.55797,6271.82111,6248.65585,6073.11409,5915.69367,-1.875720641,-1.802276223,-3.027656674,-3.833412751,-3.951414892,-5.425220007,-5.774536311,-8.421586193,-10.79537864
Japan,7160.7,4845.27194,4964.40188,4965.9886,4639.62139,4648.69113,4543.1623,4945.5525,4389.11524,3307.35048,-32.33521946,-30.67155613,-30.64939741,-35.20715307,-35.08049311,-36.55421537,-30.93478989,-38.7055003,-53.81246973
Kazakhstan,5443.8,4411.1228,4393.91508,4554.44912,4332.7803,4369.23251,4394.20282,4208.02054,4333.76276,,-18.96978581,-19.28588339,-16.33694992,-20.40890003,-19.73929039,-19.28059774,-22.7006771,-20.39085271,
Kenya,6397.3,3692.07944,3708.49804,3731.2718,3645.55502,3654.18718,3731.53467,3769.09511,4086.78508,3937.69701,-42.28691104,-42.03026214,-41.67427196,-43.01416191,-42.87922749,-41.67016288,-41.08303331,-36.1170325,-38.44751676
Kyrgyzstan,3728.8,3598.72736,3591.12498,3606.31071,3654.93554,3615.87445,3628.43713,3615.89587,3252.57296,,-3.488324394,-3.692207144,-3.284951995,-1.980917722,-3.028468944,-2.691559483,-3.027894497,-12.77158979,
Lao People's Democratic Republic,3818.1,3959.53032,3997.30382,4021.94502,4030.17239,4058.67553,4139.27691,4168.58643,3872.59527,4379.28425,3.704206804,4.693533957,5.338912548,5.554395904,6.30092271,8.41195647,9.179603206,1.427287656,14.6979977
Liberia,1148.1,1332.79107,1382.99302,1391.18175,1441.09679,1394.2621,1412.53258,1486.93418,1494.44258,1360.46289,16.08667102,20.45928229,21.17252417,25.52014546,21.44082397,23.03219058,29.51260169,30.16658653,18.49689835
Madagascar,2524.8,3190.7175,3141.43391,3125.338,3090.29669,3104.51126,3091.15646,3087.16573,3054.33377,3084.23748,26.37505941,24.42307945,23.78556717,22.39768259,22.96068045,22.43173558,22.27367435,20.97329571,22.15769487
Malawi,1998.9,1677.77312,1557.03591,1568.66774,1557.45326,1569.66953,1533.37529,1475.57605,1444.56106,1467.88727,-16.06517985,-22.10536245,-21.5234509,-22.08448347,-21.47333383,-23.28904447,-26.18059683,-27.73219971,-26.56524739
Malaysia,3653.8,3794.15949,3794.11252,3789.42214,3777.20178,3793.79434,3806.7719,3818.40596,3840.40951,3838.90633,3.841466145,3.840180634,3.711810718,3.377354535,3.83147244,4.186652252,4.505062127,5.107272155,5.066131972
Mali,3351.7,2821.35077,2881.08998,2887.87794,2910.55749,2905.77199,2900.80864,2943.41328,2990.52281,,-15.82329057,-14.04093505,-13.83841215,-13.16175404,-13.30453233,-13.45261688,-12.18148164,-10.77594027,
Mauritania,4283.8,4457.43957,4450.80902,4458.12459,4419.17135,4475.40422,4439.86768,4407.311,4337.32133,4628.63816,4.053400486,3.898618516,4.069391428,3.160076334,4.472762967,3.643206499,2.883211168,1.249389094,8.049819319
Mexico,6210.7,5372.39559,5428.56542,5494.33954,5508.79512,5485.52502,5506.28133,5495.51674,5458.23042,5505.81025,-13.49774438,-12.5933402,-11.53429501,-11.30154218,-11.67621975,-11.34201732,-11.51534062,-12.11569678,-11.3496023
Morocco,11351.1,6942.39326,6908.33554,6882.36253,6922.18869,6863.68462,6798.92816,6831.59877,6922.34128,6714.61156,-38.83946701,-39.13950595,-39.36832087,-39.01746359,-39.532868,-40.10335421,-39.81553532,-39.01611932,-40.84615976
Mozambique,1201.3,772.72393,784.49752,798.15453,800.12029,838.06025,864.67808,907.47972,936.41378,936.77646,-35.67602347,-34.69595272,-33.55910014,-33.39546408,-30.23722218,-28.02147007,-24.4585266,-22.04996421,-22.01977358
Myanmar,3865.2,3980.84406,3972.5661,3956.34637,3875.13735,3917.996,3916.32033,3892.83113,3819.96675,4285.94395,2.991929525,2.777763117,2.358128169,0.257097951,1.365931905,1.322579168,0.714869347,-1.170269326,10.88543801
Nepal,3815.3,3400.7924,3442.16753,3392.92125,3372.49856,3546.82871,3542.15266,3546.69925,3543.11346,,-10.86435143,-9.779898566,-11.0706563,-11.60594029,-7.036701963,-7.159262443,-7.040095143,-7.134079627,
Nicaragua,6446.4,4542.32529,4565.45587,4675.88306,4599.68421,4614.38343,4694.115,4684.34177,4488.55431,4857.03481,-29.53702392,-29.17821001,-27.46520446,-28.64724172,-28.41921956,-27.18238086,-27.33398843,-30.37114808,-24.65508175
Niger,4577.9,3822.84773,3796.528,3764.9804,3762.22471,3785.70824,3779.93986,3752.45489,3830.58737,,-16.49341991,-17.06835012,-17.75747832,-17.81767382,-17.30469779,-17.43070272,-18.03108652,-16.32435462,
Nigeria,1947.9,1807.01265,1997.52104,1988.40217,1991.71003,1869.02777,1846.93647,1903.87873,1777.47256,2071.78597,-7.232781457,2.547412085,2.079273577,2.249090302,-4.049090302,-5.18319883,-2.259934802,-8.749291031,6.359975871
North Macedonia,6143.5,5439.27878,5281.75065,5234.84777,5524.57527,5481.84439,5511.66921,5488.67671,5433.59079,,-11.46286677,-14.02700985,-14.79046521,-10.07446456,-10.77001074,-10.28454122,-10.65879857,-11.55545227,
Pakistan,3786.3,3563.39184,3555.22089,3565.43996,3590.49885,3596.60766,3605.75159,3664.03104,3770.0234,3730.38912,-5.887229221,-6.103032248,-5.833136307,-5.17130576,-5.00996593,-4.76846552,-3.229246494,-0.429881415,-1.476662705
Panama,3921.1,3163.40541,3201.42698,3251.28303,3243.60553,3367.18017,3166.16579,3065.44786,,,-19.32352121,-18.3538553,-17.08237408,-17.27817373,-14.1266438,-19.2531231,-21.82173727,,
Papua New Guinea,2118.5,2072.04574,2067.45,2075.06851,2083.59953,2080.53647,2089.71767,,,,-2.192790182,-2.409723861,-2.050105735,-1.647414208,-1.792000472,-1.358618362,,,
Paraguay,6598.7,4693.91398,5169.71343,5206.32728,5195.05752,5156.54617,5301.43717,5255.20836,5178.68826,5026.41305,-28.86607999,-21.65557716,-21.10071256,-21.27150014,-21.8551204,-19.65936972,-20.35994423,-21.5195681,-23.82722279
Peru,8237.3,6911.02924,6886.53305,6883.53875,6879.48265,6891.54503,6900.69699,7073.5706,6977.91585,7053.42717,-16.10079468,-16.39817598,-16.43452648,-16.48376713,-16.33733104,-16.22622716,-14.12755879,-15.28879791,-14.37209802
Philippines,4088.8,3790.05168,3774.74207,3731.14336,3719.63734,3700.2268,3715.24923,3700.0987,3586.69499,3745.50788,-7.30650362,-7.680931569,-8.747227548,-9.028630894,-9.503355508,-9.135951135,-9.506488456,-12.28000905,-8.395913716
Portugal,5119.1,5828.94035,5793.87127,5920.39287,5874.40926,5841.84114,5856.11463,5723.49241,5713.59442,4717.99043,13.86650681,13.18144342,15.65300287,14.75472759,14.11851966,14.39734778,11.80661464,11.61326053,-7.835548632
Puerto Rico,2845,2603.96872,2579.7489,2555.70227,2538.83032,2609.23618,2633.45924,,,,-8.47210123,-9.323413005,-10.16863726,-10.76167592,-8.286953251,-7.435527592,,,
Republic of Korea,6488.1,6182.95684,5953.49117,5864.29635,5822.30922,5967.79694,6219.00297,6450.88384,,,-4.703120482,-8.23983647,-9.61458131,-10.26172192,-8.01934403,-4.14754751,-0.573606449,,
Romania,4111.7,5714.79257,5535.50234,5607.76333,5294.6888,5229.43651,4938.10104,5114.47193,5338.73699,,38.98855875,34.62806965,36.38551767,28.77128195,27.18429141,20.09876791,24.3882562,29.84257096,
Russian Federation,5827.5,5554.78192,5275.65609,5315.39453,5141.42767,5221.62187,5201.06654,5242.99704,5402.1999,4852.70499,-4.679846933,-9.469650965,-8.787738653,-11.77301296,-10.39687911,-10.74960892,-10.03008082,-7.298157014,-16.7274991
Rwanda,3938.1,4458.77677,4514.98513,4487.38408,4518.43335,4491.4351,4505.84973,3987.6945,3842.45414,3878.9433,13.22152231,14.64881872,13.94794647,14.73637922,14.05081384,14.41684391,1.259350956,-2.428731114,-1.50216348
Saudi Arabia,2335.3,3246.05737,3307.79709,3271.75945,3401.19516,3473.38681,3492.75532,3968.89218,2624.94726,,38.99958763,41.64334732,40.10017771,45.64275082,48.73407314,49.56345309,69.95213377,12.40300004,
Senegal,3343.2,3276.71808,3324.955,3388.6429,3457.84626,3383.86521,3318.24241,3251.15555,,,-1.988571429,-0.545734626,1.35926358,3.429237258,1.216355887,-0.746518007,-2.753184075,,
Sierra Leone,1736.9,2345.1562,2394.8508,2279.84974,2318.1207,2240.8748,2269.55538,1917.80856,1817.29738,1764.47289,35.01964419,37.88075307,31.25970062,33.46310668,29.01576372,30.6670148,10.41560021,4.628785768,1.587477114
Solomon Islands,1889.9,2492.54543,2501.89234,2532.71131,2507.83595,2505.88369,2524.77247,2424.47234,2443.683,2581.68213,31.88768877,32.38226044,34.01298005,32.6967538,32.59345415,33.59291338,28.28574739,29.30223821,36.60416583
Somalia,1755.3,3868.73485,3538.92467,3546.68734,3535.3205,3537.99276,3652.38644,3337.49483,,,120.4030565,101.6136655,102.0559073,101.4083348,101.5605743,108.0776186,90.13814334,,
South Africa,2837.9,2469.02996,2378.31308,2357.07459,2365.06779,2366.18565,2337.60681,2356.39482,2347.64882,2332.58999,-12.99799288,-16.19461292,-16.94300046,-16.66134148,-16.62195109,-17.62899292,-16.96695373,-17.27513936,-17.80577223
South Sudan,885,1359.11073,1409.84549,1421.11777,1425.03642,1441.32459,1459.51434,,,,53.5718339,59.30457514,60.5782791,61.02106441,62.86153559,64.91687458,,,
Spain,7243.1,7368.1749,7355.74174,7321.83417,7260.03863,7438.90311,7452.74464,7409.08215,7407.59515,6923.66577,1.726814486,1.555159255,1.087023098,0.233858845,2.703305353,2.894404882,2.291589927,2.271060043,-4.41018666
Sri Lanka,4802.1,3759.00257,3760.56176,3760.21239,3726.48115,3745.76697,3735.28777,3713.86811,3703.01469,3728.39567,-21.72169322,-21.6892243,-21.69649966,-22.39892651,-21.9973143,-22.21553549,-22.66158327,-22.8875973,-22.35905812
Sudan,4371.4,4176.75163,4180.41834,4209.62162,4098.70112,3938.48735,3876.3485,3964.28407,,,-4.452769593,-4.368890058,-3.700836803,-6.238250446,-9.903295283,-11.32478153,-9.31317038,,
Suriname,4319.6,4474.96585,4386.56564,4408.7801,4398.13814,4363.16545,4379.49532,4435.05175,,,3.596764747,1.550274099,2.064545328,1.81818085,1.008552875,1.386594129,2.672741689,,
Tajikistan,7674.4,4843.79184,4892.87527,5175.17615,5267.08353,5204.97485,5243.9901,5210.06372,5519.12502,6093.7845,-36.8837715,-36.24419798,-32.56572305,-31.36813914,-32.17743602,-31.66905426,-32.11112634,-28.08395419,-20.59594887
Thailand,2899.7,3813.17996,3845.3525,3829.49228,3760.26423,3751.34766,3775.00063,3864.17966,3321.57142,,31.50256785,32.61208056,32.06511984,29.67769873,29.37019899,30.18590302,33.26136014,14.54879539,
Timor-Leste,2643,2577.60353,2576.63636,2503.32477,2466.88111,2418.97859,2432.84455,2434.41989,2381.74934,2390.52014,-2.47432728,-2.510920923,-5.284723042,-6.663597806,-8.47602762,-7.951398033,-7.891793795,-9.884625804,-9.552775634
Togo,1684.5,2758.32031,2671.73911,2724.62146,2697.21732,2586.42508,2367.48001,2429.64913,2372.98069,,63.74712437,58.60724904,61.74659899,60.11975779,53.54259899,40.54496943,44.2356266,40.87151618,
Turkiye,7815.1,7812.072,7873.76004,7828.48035,7785.49504,7833.49108,7803.58583,7714.36379,7697.37938,,-0.038745505,0.750598713,0.171211501,-0.378817418,0.235327507,-0.147332344,-1.288994511,-1.506322632,
Turkmenistan,4230.9,2742.5069,2475.94299,2566.20154,2646.09061,2776.72862,2756.32702,2683.50747,2676.26428,2531.43474,-35.17911319,-41.47951996,-39.34620199,-37.45797324,-34.37026117,-34.85246591,-36.57360207,-36.74479945,-40.16793732
Uganda,2750.9,2409.72765,2455.95518,2464.12593,2444.01216,2460.07942,2468.22677,2534.42263,,,-12.40220837,-10.72175724,-10.42473627,-11.15590679,-10.57183395,-10.2756636,-7.869328947,,
Ukraine,5417.9,5447.09326,5366.97249,5350.95659,5285.25999,5182.81083,5084.60562,4999.47788,4719.59403,,0.538829805,-0.939986157,-1.235597003,-2.448181214,-4.33911977,-6.151726315,-7.722957603,-12.88886783,
United Republic of Tanzania,3304.7,2063.83961,2304.38316,2250.80908,2222.30895,2234.78937,2255.02207,2327.95418,2400.93506,2417.82803,-37.54835204,-30.26952038,-31.89066844,-32.75308046,-32.37542379,-31.76318365,-29.5562629,-27.34786637,-26.83668623
United States of America,8540.1,7946.93289,7947.03372,8110.76053,8091.26696,8049.16582,8080.79824,8033.71818,7719.2634,7403.68956,-6.945669372,-6.944488706,-5.027335394,-5.255594665,-5.74857648,-5.378177773,-5.929460077,-9.611557242,-13.306758
Uruguay,8617.2,7382.49228,7462.32898,7466.41512,7488.80539,7499.40171,7524.10709,7503.3744,7452.81064,7473.57687,-14.32840969,-13.40192893,-13.35451051,-13.0946782,-12.97171111,-12.68501265,-12.92560925,-13.51238639,-13.27140057
Uzbekistan,6187.7,4769.77298,4960.11042,5162.58211,4937.53064,4908.43666,4910.86108,4855.85088,,,-22.91525155,-19.83919033,-16.56702636,-20.20410427,-20.67429481,-20.63511353,-21.52413853,,
Venezuela (Bolivarian Republic of),4064.3,4178.58297,4380.18656,4509.33999,4547.28409,4566.67717,4590.59818,4738.67261,,,2.811873385,7.772225475,10.94997884,11.8835738,12.36073051,12.94929459,16.59258938,,
Viet Nam,5921.2,5041.66125,5016.13729,5022.53245,5058.27939,4985.06361,5015.22621,5005.85465,,,-14.85406252,-15.28512312,-15.17711866,-14.57340759,-15.80990998,-15.30050986,-15.45878116,,
Zambia,1398.9,1479.29757,1477.72527,1486.34535,1502.3135,1504.20627,1487.85222,1493.61554,1478.80033,1465.37,5.747199228,5.634803774,6.251007935,7.392486954,7.527791122,6.358726142,6.770715562,5.711654157,4.751590535
Zimbabwe,611.4,898.59324,925.06409,923.69392,918.41573,929.81956,937.31499,957.63634,957.03485,951.20703,46.97305201,51.30259895,51.07849526,50.21519954,52.08039908,53.30634446,56.63008505,56.53170592,55.57851325
